State,Year,Deaths,Population,Rate,lnrate,income_cap,lninc_cap,Unemployment,lnunemp,unemp_lag,lnunemp_lag,Month_Passed,Year_Passed,Legal_Prior,Method,weight,weighted_lnrate,Treatment
Alabama,1999,24,577411,4.156484722,1.424669698,23516,10.06543632,4.733333333,1.554629676,,,2,2015,True,court,0.0156358604742,0.0222759366198,0.0
Alabama,2000,20,578083,3.459710803,1.241185003,24649,10.11249161,4.583333333,1.522426535,4.733333333,1.554629676,2,2015,True,court,0.0155689909045,0.0193239980225,0.0
Alabama,2001,20,574924,3.478720666,1.246664601,25569,10.14913596,5.125,1.634130525,4.583333333,1.522426535,2,2015,True,court,0.0154327964399,0.0192395210161,0.0
Alabama,2002,21,573885,3.659269714,1.297263596,26093,10.16942236,5.9,1.774952351,5.125,1.634130525,2,2015,True,court,0.015346006951,0.0199078161615,0.0
Alabama,2003,10,573023,1.745130649,0.556829423,27045,10.20525742,6.016666667,1.794533396,5.9,1.774952351,2,2015,True,court,0.015274752309,0.00850543151471,0.0
Alabama,2004,18,572724,3.142875102,1.145138019,28802,10.26820011,5.683333333,1.737537915,6.016666667,1.794533396,2,2015,True,court,0.0152346419592,0.0174457677133,0.0
Alabama,2005,13,574475,2.262935724,0.816662963,30202,10.31566343,4.491666667,1.502223828,5.683333333,1.737537915,2,2015,True,court,0.0152326986798,0.0124399808383,0.0
Alabama,2006,24,578957,4.145385581,1.421995808,31683,10.36353554,4.033333333,1.394593164,4.491666667,1.502223828,2,2015,True,court,0.015296635415,0.0217517514366,0.0
Alabama,2007,15,581530,2.57940261,0.947557826,32911,10.40156223,3.983333333,1.38211899,4.033333333,1.394593164,2,2015,True,court,0.0153155634732,0.0145123820286,0.0
Alabama,2008,15,584187,2.567670968,0.94299925,33910,10.43146524,5.658333333,1.733129385,3.983333333,1.38211899,2,2015,True,court,0.0153278820274,0.0144541812559,0.0
Alabama,2009,22,584149,3.7661624,1.326056552,33027,10.40508069,11.03333333,2.400920993,5.658333333,1.733129385,2,2015,True,court,0.0153103208015,0.0203023512121,0.0
Alabama,2010,19,583903,3.253965128,1.179874292,34073,10.43626056,10.54166667,2.355335659,11.03333333,2.400920993,2,2015,True,court,0.0152915426707,0.0180420980822,0.0
Alabama,2011,20,579542,3.451000963,1.238664323,35202,10.46885818,9.658333333,2.267821101,10.54166667,2.355335659,2,2015,True,court,0.0152619701794,0.0189044579599,0.0
Alabama,2012,23,576545,3.989280975,1.383611008,36036,10.49227372,7.958333333,2.074219598,9.658333333,2.267821101,2,2015,True,court,0.0152301623599,0.0210726202948,0.0
Alabama,2013,16,569961,2.807209616,1.032190971,36176,10.49615119,7.233333333,1.978699972,7.958333333,2.074219598,2,2015,True,court,0.0151030483932,0.0155892301861,0.0
Alabama,2014,18,566172,3.179245883,1.156644025,37512,10.53241616,6.8,1.916922612,7.233333333,1.978699972,2,2015,True,court,0.0150285194992,0.0173826472834,0.0
Alaska,1999,12,98462,12.18744287,2.500406149,29442,10.29017751,6.475,1.867948608,,,10,2014,True,court,0.00266627773633,0.00666677724687,0.0
Alaska,2000,17,98035,17.34074565,2.853058972,31481,10.35713947,6.375,1.852384091,6.475,1.867948608,10,2014,True,court,0.00264028871861,0.00753289941729,0.0
Alaska,2001,12,97403,12.31994908,2.511219825,32870,10.40031567,6.433333333,1.861492807,6.375,1.852384091,10,2014,True,court,0.00261460762055,0.00656585449133,0.0
Alaska,2002,9,97256,9.253927778,2.225048086,33978,10.43346854,7.291666667,1.986732144,6.433333333,1.861492807,10,2014,True,court,0.00260068001782,0.00578663809595,0.0
Alaska,2003,13,96694,13.44447432,2.59856819,35268,10.47073132,7.825,2.057323736,7.291666667,1.986732144,10,2014,True,court,0.00257751765596,0.00669785538994,0.0
Alaska,2004,13,96364,13.49051513,2.601986856,36577,10.50717491,7.458333333,2.009331975,7.825,2.057323736,10,2014,True,court,0.00256331328485,0.00666970747499,0.0
Alaska,2005,9,95512,9.42289974,2.243142869,38521,10.55895883,6.883333333,1.929103031,7.458333333,2.009331975,10,2014,True,court,0.00253258282136,0.00568094509589,0.0
Alaska,2006,11,95503,11.51796279,2.443907798,40545,10.61016775,6.616666667,1.889591719,6.883333333,1.929103031,10,2014,True,court,0.00252328682793,0.00616668035537,0.0
Alaska,2007,11,95045,11.5734652,2.448714995,43388,10.67793818,6.333333333,1.84582669,6.616666667,1.889591719,10,2014,True,court,0.00250316876224,0.00612954688312,0.0
Alaska,2008,13,94508,13.75544927,2.621435056,47271,10.76365228,6.691666667,1.900862971,6.333333333,1.84582669,10,2014,True,court,0.00247969823814,0.00650036788975,0.0
Alaska,2009,9,96059,9.36924182,2.237432177,46192,10.7405619,7.741666667,2.046616996,6.691666667,1.900862971,10,2014,True,court,0.00251766947452,0.00563311469334,0.0
Alaska,2010,12,96286,12.46287103,2.522753907,47773,10.77421591,7.883333333,2.064750826,7.741666667,2.046616996,10,2014,True,court,0.00252158573871,0.00636134027416,0.0
Alaska,2011,9,96663,9.310697992,2.231164061,50552,10.83075779,7.575,2.024853351,7.883333333,2.064750826,10,2014,True,court,0.00254557533958,0.00567959621224,0.0
Alaska,2012,9,95817,9.392905226,2.239954641,52269,10.86415874,7.125,1.963609726,7.575,2.024853351,10,2014,True,court,0.00253112674091,0.00566960909025,0.0
Alaska,2013,9,96182,9.357260194,2.236152533,51259,10.84464649,6.9,1.931521412,7.125,1.963609726,10,2014,True,court,0.00254866806774,0.00569921055546,0.0
Alaska,2014,10,95623,10.45773506,2.347341902,54012,10.89696152,6.8,1.916922612,6.9,1.931521412,10,2014,True,court,0.00253822534508,0.00595808270923,0.166666666667
Arizona,1999,28,681367,4.109385984,1.413273622,24987,10.12611097,4.441666667,1.491029681,,,10,2014,True,court,0.0184509116448,0.0260761867295,0.0
Arizona,2000,33,700068,4.7138278,1.550500274,26553,10.18689801,3.95,1.373715579,4.441666667,1.491029681,10,2014,True,court,0.0188543034902,0.0292336027276,0.0
Arizona,2001,33,712631,4.630727543,1.532713993,27220,10.21170728,4.791666667,1.566878298,3.95,1.373715579,10,2014,True,court,0.0191292921495,0.0293197337538,0.0
Arizona,2002,29,727827,3.984463341,1.382402633,27590,10.22520867,6.083333333,1.805552791,4.791666667,1.566878298,10,2014,True,court,0.0194625024197,0.0269050145897,0.0
Arizona,2003,29,741327,3.911903924,1.364024192,28446,10.25576283,5.741666667,1.747749528,6.083333333,1.805552791,10,2014,True,court,0.0197611375198,0.0269546696384,0.0
Arizona,2004,31,757415,4.092868507,1.409246071,30222,10.31632542,5.033333333,1.616082455,5.741666667,1.747749528,10,2014,True,court,0.020147481753,0.0283927595009,0.0
Arizona,2005,44,779235,5.646563617,1.731047151,32429,10.38680836,4.683333333,1.544010107,5.033333333,1.616082455,10,2014,True,court,0.0206620861756,0.035767045408,0.0
Arizona,2006,36,802747,4.484601001,1.500649529,34848,10.45875103,4.208333333,1.437066686,4.683333333,1.544010107,10,2014,True,court,0.0212093958437,0.0318278698832,0.0
Arizona,2007,23,819745,2.805750569,1.031671086,35929,10.48930005,3.858333333,1.350235311,4.208333333,1.437066686,10,2014,True,court,0.0215893532222,0.0222731114848,0.0
Arizona,2008,32,833098,3.841084722,1.345754806,36077,10.49341082,6.125,1.812378756,3.858333333,1.350235311,10,2014,True,court,0.0218588018241,0.0294165876082,0.0
Arizona,2009,31,835797,3.70903461,1.31077163,34063,10.43596703,9.933333333,2.295896105,6.125,1.812378756,10,2014,True,court,0.0219059181732,0.0287136560705,0.0
Arizona,2010,30,835688,3.589856501,1.27811223,34185,10.43954223,10.36666667,2.338595531,9.933333333,2.295896105,10,2014,True,court,0.0218854136926,0.0279720148992,0.0
Arizona,2011,35,832087,4.206290929,1.436581245,35675,10.48220544,9.525,2.253919921,10.36666667,2.338595531,10,2014,True,court,0.0219126257988,0.0314792672512,0.0
Arizona,2012,34,829892,4.096918635,1.410235139,36788,10.51292698,8.4,2.128231706,9.525,2.253919921,10,2014,True,court,0.021922642467,0.0309160807468,0.0
Arizona,2013,24,828503,2.896790959,1.063603558,36723,10.51115854,7.791666667,2.053054787,8.4,2.128231706,10,2014,True,court,0.0219539949276,0.0233503471173,0.0
Arizona,2014,38,829612,4.580454478,1.521798224,37895,10.54257446,6.9,1.931521412,7.791666667,2.053054787,10,2014,True,court,0.0220212940923,0.0335119662398,0.166666666667
California,1999,75,4720652,1.588763586,0.462956095,30663,10.330812,5.241666667,1.656639514,,,6,2013,True,court,0.127831745532,0.0591804857286,0.0
California,2000,86,4751551,1.809935324,0.593291112,33391,10.41604168,4.941666667,1.597702656,5.241666667,1.656639514,6,2013,True,court,0.12796926099,0.0759230251548,0.0
California,2001,81,4773550,1.696850352,0.528773799,34091,10.4367887,5.433333333,1.692552819,4.941666667,1.597702656,6,2013,True,court,0.128137328492,0.0677556619803,0.0
California,2002,80,4795955,1.668072365,0.511668687,34306,10.44307555,6.666666667,1.897119985,5.433333333,1.692552819,6,2013,True,court,0.128246528079,0.0656197326345,0.0
California,2003,85,4818187,1.764149046,0.567668447,35381,10.47393023,6.8,1.916922612,6.666666667,1.897119985,6,2013,True,court,0.12843570503,0.072908897214,0.0
California,2004,94,4828497,1.94677557,0.66617445,37244,10.52524614,6.208333333,1.825892476,6.8,1.916922612,6,2013,True,court,0.128439567743,0.0855631583992,0.0
California,2005,85,4821045,1.763103228,0.567075454,39046,10.57249572,5.4,1.686398954,6.208333333,1.825892476,6,2013,True,court,0.127834154326,0.0724916111013,0.0
California,2006,89,4811266,1.849824973,0.615091026,41693,10.63808853,4.9,1.589235205,5.4,1.686398954,6,2013,True,court,0.127118563013,0.0781894873476,0.0
California,2007,74,4794913,1.543302246,0.433924436,43182,10.67317902,5.375,1.681758574,4.9,1.589235205,6,2013,True,court,0.126282039447,0.0547968627442,0.0
California,2008,84,4801015,1.749630026,0.559404352,43786,10.68706941,7.275,1.984443813,5.375,1.681758574,6,2013,True,court,0.125968896144,0.0704675487195,0.0
California,2009,101,4801160,2.103658283,0.743677868,41588,10.63556694,11.14166667,2.410691835,7.275,1.984443813,6,2013,True,court,0.125836558514,0.0935818635521,0.0
California,2010,96,4801686,1.999297747,0.692795992,42411,10.65516304,12.225,2.503483035,11.14166667,2.410691835,6,2013,True,court,0.125748945219,0.0871183652459,0.0
California,2011,95,4772606,1.990526769,0.688399312,44852,10.71112346,11.725,2.461723314,12.225,2.503483035,6,2013,True,court,0.125684368777,0.0865210329956,0.0
California,2012,77,4751829,1.620428681,0.482690732,47614,10.77088211,10.38333333,2.340201956,11.725,2.461723314,6,2013,True,court,0.125525548182,0.0605900187365,0.0
California,2013,89,4715498,1.887393442,0.635196746,48125,10.78155707,8.95,2.191653532,10.38333333,2.340201956,6,2013,True,court,0.124953101163,0.0793698032616,0.5
California,2014,86,4691599,1.833063738,0.605988741,49985,10.81947824,7.5,2.014903021,8.95,2.191653532,6,2013,True,court,0.124534217612,0.0754663337424,1.0
Colorado,1999,24,557234,4.306987729,1.460238757,31391,10.35427651,3.075,1.123304901,,,10,2014,True,court,0.0150894823194,0.0220342469058,0.0
Colorado,2000,29,566331,5.120680309,1.633287303,34234,10.44097458,2.758333333,1.014626632,3.075,1.123304901,10,2014,True,court,0.0152524848299,0.0249116898119,0.0
Colorado,2001,35,578176,6.053520035,1.800639927,35247,10.4701357,3.8,1.335001067,2.758333333,1.014626632,10,2014,True,court,0.0155200905067,0.0279460946369,0.0
Colorado,2002,33,583883,5.651817231,1.731977127,35002,10.46316048,5.533333333,1.710790407,3.8,1.335001067,10,2014,True,court,0.0156133590816,0.027041980805,0.0
Colorado,2003,17,587561,2.893316609,1.06240346,35412,10.47480602,5.958333333,1.7847908,5.533333333,1.710790407,10,2014,True,court,0.0156622836107,0.0166396642995,0.0
Colorado,2004,32,588295,5.439447896,1.693677566,36676,10.50987787,5.483333333,1.701713188,5.958333333,1.7847908,10,2014,True,court,0.0156488355497,0.0265040817045,0.0
Colorado,2005,34,592667,5.736779676,1.746898021,38665,10.56269008,5.025,1.614425454,5.483333333,1.701713188,10,2014,True,court,0.0157150752051,0.0274526337756,0.0
Colorado,2006,22,599994,3.666703334,1.299292984,40709,10.61420448,4.308333333,1.460551132,5.025,1.614425454,10,2014,True,court,0.0158524544469,0.020596982842,0.0
Colorado,2007,29,608469,4.766060391,1.56152005,42265,10.6517146,3.733333333,1.31730149,4.308333333,1.460551132,10,2014,True,court,0.0160250470156,0.025023432217,0.0
Colorado,2008,26,617780,4.208617955,1.437134317,43631,10.68352319,4.825,1.573810735,3.733333333,1.31730149,10,2014,True,court,0.0162092942138,0.023294932969,0.0
Colorado,2009,35,625245,5.59780566,1.722374675,41508,10.63364146,7.283333333,1.985588633,4.825,1.573810735,10,2014,True,court,0.0163874311683,0.0282252964326,0.0
Colorado,2010,26,629269,4.131778301,1.418707896,41877,10.64249203,8.725,2.166192468,7.283333333,1.985588633,10,2014,True,court,0.0164796100805,0.0233797529442,0.0
Colorado,2011,28,631900,4.431080867,1.488643542,44349,10.69984544,8.291666667,2.115250994,8.725,2.166192468,10,2014,True,court,0.016640793862,0.0247722103164,0.0
Colorado,2012,33,633287,5.210907535,1.650754032,46402,10.74509784,7.783333333,2.051984695,8.291666667,2.115250994,10,2014,True,court,0.016729073759,0.0276155859593,0.0
Colorado,2013,30,636390,4.714090416,1.550555985,46746,10.75248397,6.8,1.916922612,7.783333333,2.051984695,10,2014,True,court,0.0168633098878,0.0261475060735,0.0
Colorado,2014,39,640283,6.091056611,1.806821566,48869,10.79689853,5.0,1.609437912,6.8,1.916922612,10,2014,True,court,0.0169957284192,0.0307082486376,0.166666666667
Connecticut,1999,9,426852,2.108459138,0.745957414,39160,10.5754111,2.866666667,1.053149915,,,11,2008,True,court,0.0115588347211,0.00862239845741,0.0
Connecticut,2000,13,431061,3.015814467,1.103869932,42209,10.65038875,2.391666667,0.871990473,2.866666667,1.053149915,11,2008,True,court,0.0116093792557,0.0128152446895,0.0
Connecticut,2001,16,434777,3.680047473,1.302925652,43696,10.68501184,3.133333333,1.142097401,2.391666667,0.871990473,11,2008,True,court,0.0116708033371,0.0152061890473,0.0
Connecticut,2002,9,437121,2.058926476,0.722184719,43405,10.67832992,4.333333333,1.466337069,3.133333333,1.142097401,11,2008,True,court,0.0116888608422,0.00844151668275,0.0
Connecticut,2003,9,438506,2.052423456,0.719021269,44187,10.69618591,5.391666667,1.684854552,4.333333333,1.466337069,11,2008,True,court,0.011689008183,0.00840464549707,0.0
Connecticut,2004,9,438059,2.05451777,0.720041159,47105,10.76013443,4.966666667,1.602748924,5.391666667,1.684854552,11,2008,True,court,0.0116525097988,0.00839028666076,0.0
Connecticut,2005,9,436180,2.063368334,0.724339761,49481,10.80934404,4.883333333,1.585828047,4.966666667,1.602748924,11,2008,True,court,0.0115656878196,0.00837748755102,0.0
Connecticut,2006,13,434375,2.992805755,1.096211327,53363,10.8848729,4.333333333,1.466337069,4.883333333,1.585828047,11,2008,True,court,0.0114766312669,0.0125808131906,0.0
Connecticut,2007,9,431786,2.084365866,0.734464668,56723,10.94593505,4.475,1.498506352,4.333333333,1.466337069,11,2008,True,court,0.0113718052204,0.00835218914577,0.0
Connecticut,2008,11,429859,2.558978642,0.939608211,57776,10.96432874,5.683333333,1.737537915,4.475,1.498506352,11,2008,True,court,0.0112786283166,0.0105974917751,0.0833333333333
Connecticut,2009,9,426542,2.109991513,0.746683925,55505,10.92422839,7.933333333,2.071073292,5.683333333,1.737537915,11,2008,True,court,0.0111795018999,0.00834755435815,1.0
Connecticut,2010,9,424197,2.12165574,0.752196793,57347,10.95687581,9.108333333,2.209189745,7.933333333,2.071073292,11,2008,True,court,0.0111090823754,0.00835621613599,1.0
Connecticut,2011,12,419255,2.86221989,1.051597509,59884,11.00016464,8.808333333,2.175698243,9.108333333,2.209189745,11,2008,True,court,0.0110408862646,0.011610568493,1.0
Connecticut,2012,9,414427,2.171673178,0.77549792,62738,11.0467226,8.35,2.122261539,8.808333333,2.175698243,11,2008,True,court,0.0109476111948,0.00848984971055,1.0
Connecticut,2013,9,409259,2.199096416,0.788046556,62112,11.03669449,7.733333333,2.04553999,8.35,2.122261539,11,2008,True,court,0.0108447042559,0.00854613183966,1.0
Connecticut,2014,9,404281,2.226174369,0.800284583,64864,11.08004805,6.6,1.887069649,7.733333333,2.04553999,11,2008,True,court,0.0107312705179,0.00858807035149,1.0
Florida,1999,48,1857274,2.584432884,0.949506097,27900,10.23638197,3.891666667,1.358837515,,,1,2015,True,court,0.0502935987129,0.047754078618,0.0
Florida,2000,49,1878946,2.607845037,0.958524224,29597,10.29542828,3.683333333,1.303818139,3.891666667,1.358837515,1,2015,True,court,0.0506039672227,0.0485051284134,0.0
Florida,2001,55,1906503,2.884863019,1.059477418,30574,10.32790525,4.641666667,1.535073497,3.683333333,1.303818139,1,2015,True,court,0.0511766298,0.0542204836024,0.0
Florida,2002,47,1939899,2.422806548,0.884926599,31032,10.34277421,5.633333333,1.728701333,4.641666667,1.535073497,1,2015,True,court,0.0518739878865,0.0459046716769,0.0
Florida,2003,30,1967574,1.52472029,0.421810977,31927,10.37120733,5.208333333,1.650259907,5.633333333,1.728701333,1,2015,True,court,0.0524485151551,0.0221233594198,0.0
Florida,2004,46,2002943,2.296620523,0.831438705,34042,10.43535034,4.633333333,1.533276551,5.208333333,1.650259907,1,2015,True,court,0.0532789257471,0.044298161027,0.0
Florida,2005,60,2041373,2.939198275,1.078136849,36294,10.49940772,3.691666667,1.306078027,4.633333333,1.533276551,1,2015,True,court,0.054128760698,0.0583582114992,0.0
Florida,2006,42,2070525,2.02847104,0.707282327,38812,10.56648476,3.225,1.17093295,3.691666667,1.306078027,1,2015,True,court,0.0547053857932,0.0386921525632,0.0
Florida,2007,46,2076638,2.21511886,0.795306064,39945,10.59525879,4.008333333,1.388375527,3.225,1.17093295,1,2015,True,court,0.0546917288873,0.0434966636347,0.0
Florida,2008,38,2076211,1.830257137,0.604456469,40018,10.59708463,6.283333333,1.837900625,4.008333333,1.388375527,1,2015,True,court,0.0544755656526,0.0329281080612,0.0
Florida,2009,49,2068374,2.369010633,0.862472414,37479,10.53153606,10.40833333,2.342606767,6.283333333,1.837900625,1,2015,True,court,0.0542112876637,0.0467557401374,0.0
Florida,2010,39,2070475,1.883625738,0.633198504,38718,10.56405989,11.04166667,2.401675996,10.40833333,2.342606767,1,2015,True,court,0.0542226308326,0.0343336887262,0.0
Florida,2011,53,2058708,2.574430177,0.945628219,40538,10.60999508,10.0,2.302585093,11.04166667,2.401675996,1,2015,True,court,0.0542151217756,0.0512673490476,0.0
Florida,2012,69,2060669,3.348427137,1.208490724,41249,10.62738215,8.516666667,2.142025028,10.0,2.302585093,1,2015,True,court,0.0544351671421,0.0657843945507,0.0
Florida,2013,56,2070164,2.705099693,0.995138767,41309,10.62883567,7.291666667,1.986732144,8.516666667,2.142025028,1,2015,True,court,0.0548560113305,0.054589343478,0.0
Florida,2014,61,2082996,2.928474179,1.074481529,42737,10.66282033,6.3,1.840549633,7.291666667,1.986732144,1,2015,True,court,0.0552912295254,0.0594094048407,0.0
Idaho,1999,11,190090,5.7867326,1.755567815,23726,10.07432677,4.916666667,1.592630794,,,10,2014,True,court,0.00514749583494,0.00903677801567,0.0
Idaho,2000,10,191309,5.227145613,1.653865357,25258,10.13689822,4.708333333,1.549333988,4.916666667,1.592630794,10,2014,True,court,0.00515235369478,0.00852129928281,0.0
Idaho,2001,14,193081,7.25084291,1.981117726,26075,10.16873228,5.091666667,1.627605216,4.708333333,1.549333988,10,2014,True,court,0.00518291073154,0.0102679563225,0.0
Idaho,2002,10,194246,5.148111158,1.638629882,26425,10.18206581,5.566666667,1.716796431,5.091666667,1.627605216,10,2014,True,court,0.00519424704636,0.00851144842466,0.0
Idaho,2003,9,195687,4.599181346,1.525878319,27031,10.20473963,5.6,1.722766598,5.566666667,1.716796431,10,2014,True,court,0.00521631846383,0.00795946724896,0.0
Idaho,2004,9,197850,4.548900682,1.514885595,28813,10.26858195,4.925,1.594324275,5.6,1.722766598,10,2014,True,court,0.00526287341131,0.0079726511191,0.0
Idaho,2005,9,202828,4.437257183,1.490036434,29815,10.3027669,4.008333333,1.388375527,4.925,1.594324275,10,2014,True,court,0.00537815885429,0.00801365264073,0.0
Idaho,2006,12,207592,5.780569579,1.754502221,31945,10.37177095,3.5,1.252762969,4.008333333,1.388375527,10,2014,True,court,0.00548479272048,0.00962308100981,0.0
Idaho,2007,13,212424,6.1198358,1.811535266,32952,10.40280724,3.083333333,1.126011263,3.5,1.252762969,10,2014,True,court,0.00559454070336,0.0101347077812,0.0
Idaho,2008,15,216850,6.917223887,1.934014517,32854,10.39982878,5.083333333,1.625967214,3.083333333,1.126011263,10,2014,True,court,0.00568970418314,0.0110039704876,0.0
Idaho,2009,9,218877,4.111898464,1.413884835,31392,10.35430836,8.758333333,2.170005628,5.083333333,1.625967214,10,2014,True,court,0.00573668205556,0.00811100776157,0.0
Idaho,2010,12,220170,5.450333833,1.695676861,32050,10.37505246,8.966666667,2.193513998,8.758333333,2.170005628,10,2014,True,court,0.00576592165103,0.00977713992599,0.0
Idaho,2011,16,220157,7.267540891,1.98341798,33544,10.42061329,8.266666667,2.112231365,8.966666667,2.193513998,10,2014,True,court,0.00579773263851,0.0114993271585,0.0
Idaho,2012,16,218928,7.308338815,1.989016,34846,10.45869363,7.183333333,1.971763528,8.266666667,2.112231365,10,2014,True,court,0.00578325886986,0.0115029944243,0.0
Idaho,2013,14,219406,6.380864698,1.853303621,35641,10.48125194,6.116666667,1.811017286,7.183333333,1.971763528,10,2014,True,court,0.00581390557559,0.0107749322554,0.0
Idaho,2014,18,220352,8.168748185,2.100315676,36734,10.51145804,4.8,1.568615918,6.116666667,1.811017286,10,2014,True,court,0.00584904292105,0.0122848365367,0.166666666667
Indiana,1999,28,807647,3.466861141,1.243249614,26555,10.18697333,3.041666667,1.112405611,,,10,2014,True,court,0.0218704801336,0.0271904659841,0.0
Indiana,2000,36,811451,4.43649709,1.489865121,28122,10.24430747,3.1,1.131402111,3.041666667,1.112405611,10,2014,True,court,0.0218540819198,0.0325596344037,0.0
Indiana,2001,25,811954,3.07899216,1.124602323,28652,10.26297853,4.25,1.446918983,3.1,1.131402111,10,2014,True,court,0.0217954387025,0.0245112009956,0.0
Indiana,2002,28,812885,3.444521673,1.236785048,28850,10.26986527,5.191666667,1.647054776,4.25,1.446918983,10,2014,True,court,0.0217370010723,0.0268839979145,0.0
Indiana,2003,16,814763,1.963761241,0.674861635,29433,10.28987177,5.283333333,1.664557212,5.191666667,1.647054776,10,2014,True,court,0.0217186797311,0.0146571037134,0.0
Indiana,2004,26,814995,3.190203621,1.160084746,30693,10.33178989,5.358333333,1.678652981,5.283333333,1.664557212,10,2014,True,court,0.0216791282075,0.0251496259401,0.0
Indiana,2005,24,820214,2.926065637,1.073658735,31272,10.35047841,5.491666667,1.703231792,5.358333333,1.678652981,10,2014,True,court,0.021748679603,0.0233506598305,0.0
Indiana,2006,28,824281,3.396899844,1.222863205,32884,10.4007415,5.033333333,1.616082455,5.491666667,1.703231792,10,2014,True,court,0.0217783461233,0.0266319381399,0.0
Indiana,2007,26,828000,3.140096618,1.14425357,33868,10.43022589,4.566666667,1.518783544,5.033333333,1.616082455,10,2014,True,court,0.0218067624298,0.0249524657604,0.0
Indiana,2008,28,831550,3.36720582,1.214083267,35047,10.4644453,5.883333333,1.772123495,4.566666667,1.518783544,10,2014,True,court,0.0218181854438,0.0264890938636,0.0
Indiana,2009,31,830504,3.732673172,1.317124645,33588,10.42192414,10.30833333,2.332952629,5.883333333,1.772123495,10,2014,True,court,0.0217671906773,0.0286701032934,0.0
Indiana,2010,31,829883,3.735466325,1.317872663,34390,10.4455211,10.375,2.339399066,10.30833333,2.332952629,10,2014,True,court,0.0217333894605,0.0286418398444,0.0
Indiana,2011,29,820297,3.535304896,1.262799546,36357,10.50114204,9.108333333,2.209189745,10.375,2.339399066,10,2014,True,court,0.0216021416088,0.0272791746162,0.0
Indiana,2012,33,817330,4.037536858,1.395634817,37987,10.54499927,8.341666667,2.121263037,9.108333333,2.209189745,10,2014,True,court,0.0215908014146,0.0301328741812,0.0
Indiana,2013,31,813847,3.809069764,1.337385003,38291,10.55297016,7.666666667,2.036881927,8.341666667,2.121263037,10,2014,True,court,0.0215656345359,0.0288415562084,0.0
Indiana,2014,36,811406,4.436743135,1.489920579,39578,10.58602869,6.0,1.791759469,7.666666667,2.036881927,10,2014,True,court,0.0215380324226,0.0320899577377,0.166666666667
Iowa,1999,22,381127,5.772354097,1.753079986,25868,10.16076196,2.583333333,0.949080555,,,4,2009,True,court,0.0103206357256,0.0180928999334,0.0
Iowa,2000,21,381205,5.508846946,1.706355336,27561,10.22415701,2.625,0.965080896,2.583333333,0.949080555,4,2009,True,court,0.010266652328,0.0175185569828,0.0
Iowa,2001,25,377794,6.617362901,1.889696937,28367,10.25298178,3.316666667,1.198960263,2.625,0.965080896,4,2009,True,court,0.0101411976161,0.0191637900726,0.0
Iowa,2002,11,375135,2.932277713,1.075779498,29099,10.27845909,3.991666667,1.384208855,3.316666667,1.198960263,4,2009,True,court,0.0100313204171,0.0107914888426,0.0
Iowa,2003,16,373220,4.287015701,1.45559085,29698,10.29883498,4.508333333,1.505927536,3.991666667,1.384208855,4,2009,True,court,0.0099487159447,0.0144812598984,0.0
Iowa,2004,15,371870,4.03366768,1.394676056,32148,10.37810552,4.5,1.504077397,4.508333333,1.505927536,4,2009,True,court,0.00989186118506,0.0137959419441,0.0
Iowa,2005,16,370989,4.312796336,1.461586496,32869,10.40028524,4.258333333,1.448877847,4.5,1.504077397,4,2009,True,court,0.00983709238958,0.0143777613965,0.0
Iowa,2006,21,371548,5.652028809,1.732014562,34575,10.45088616,3.7,1.30833282,4.258333333,1.448877847,4,2009,True,court,0.00981667774148,0.0170026287987,0.0
Iowa,2007,19,372648,5.09864537,1.628974891,36815,10.51366065,3.691666667,1.306078027,3.7,1.30833282,4,2009,True,court,0.00981430725354,0.0159872600886,0.0
Iowa,2008,19,374476,5.073756396,1.62408145,39339,10.57997167,4.208333333,1.437066686,3.691666667,1.306078027,4,2009,True,court,0.00982549072485,0.0159573972234,0.0
Iowa,2009,13,375365,3.463295725,1.242220658,38123,10.54857305,6.408333333,1.857599227,4.208333333,1.437066686,4,2009,True,court,0.00983817239721,0.0122211809888,0.666666666667
Iowa,2010,19,376126,5.0514987,1.619684972,38687,10.56325891,6.016666667,1.794533396,6.408333333,1.857599227,4,2009,True,court,0.00985017507797,0.0159541805454,1.0
Iowa,2011,20,373427,5.355799125,1.678179923,42058,10.6468049,5.575,1.718292317,6.016666667,1.794533396,4,2009,True,court,0.00983402710793,0.0165032668548,1.0
Iowa,2012,19,372799,5.096580195,1.628569765,43458,10.67955023,5.058333333,1.621037048,5.575,1.718292317,4,2009,True,court,0.00984795514244,0.0160380819921,1.0
Iowa,2013,18,372429,4.83313598,1.575495528,43735,10.68590398,4.766666667,1.561647249,5.058333333,1.621037048,4,2009,True,court,0.00986876858249,0.0155482007686,1.0
Iowa,2014,14,373078,3.752566487,1.322440003,44937,10.71301679,4.4,1.481604541,4.766666667,1.561647249,4,2009,True,court,0.0099030153341,0.0130961436281,1.0
Kansas,1999,13,368286,3.529865376,1.261259733,27244,10.21258859,3.266666667,1.183770097,,,11,2014,True,court,0.00997291099514,0.012578431059,0.0
Kansas,2000,15,368167,4.07423805,1.404683748,28744,10.26618433,3.583333333,1.276293466,3.266666667,1.183770097,11,2014,True,court,0.00991551156897,0.013928157954,0.0
Kansas,2001,20,367263,5.445688784,1.694824247,29789,10.30189448,4.216666667,1.439044927,3.583333333,1.276293466,11,2014,True,court,0.00985851194056,0.0167084450762,0.0
Kansas,2002,12,366227,3.276656281,1.186823476,29861,10.30430856,5.033333333,1.616082455,4.216666667,1.439044927,11,2014,True,court,0.00979311549813,0.0116226993764,0.0
Kansas,2003,13,365852,3.553349442,1.267890663,30772,10.33436046,5.508333333,1.706262097,5.033333333,1.616082455,11,2014,True,court,0.00975231130647,0.0123648644481,0.0
Kansas,2004,13,363975,3.571673879,1.273034359,31999,10.37345993,5.45,1.695615609,5.508333333,1.706262097,11,2014,True,court,0.00968185165469,0.0123253298152,0.0
Kansas,2005,9,363799,2.473893551,0.905793246,33483,10.41879313,5.025,1.614425454,5.45,1.695615609,11,2014,True,court,0.0096464433561,0.00873768323988,0.0
Kansas,2006,16,363104,4.406451044,1.483069614,35987,10.49091304,4.383333333,1.47780947,5.025,1.614425454,11,2014,True,court,0.00959357863491,0.0142279449629,0.0
Kansas,2007,13,365456,3.557199772,1.268973655,38122,10.54854682,4.266666667,1.450832882,4.383333333,1.47780947,11,2014,True,court,0.00962489392577,0.012213736824,0.0
Kansas,2008,17,367549,4.625233642,1.531526887,40936,10.61976515,4.6,1.526056304,4.266666667,1.450832882,11,2014,True,court,0.00964374029425,0.0147696475519,0.0
Kansas,2009,9,370232,2.430908187,0.888264927,38889,10.56846671,6.858333333,1.925464458,4.6,1.526056304,11,2014,True,court,0.00970363843982,0.00861940169038,0.0
Kansas,2010,20,373089,5.360651212,1.679085462,39235,10.57732448,7.058333333,1.954208952,6.858333333,1.925464458,11,2014,True,court,0.0097706406089,0.0164057406008,0.0
Kansas,2011,15,371227,4.040654371,1.396406652,42403,10.65497439,6.508333333,1.873083407,7.058333333,1.954208952,11,2014,True,court,0.00977609112677,0.01365139868,0.0
Kansas,2012,22,370653,5.935470642,1.780946324,43725,10.6856753,5.75,1.749199855,6.508333333,1.873083407,11,2014,True,court,0.00979126584946,0.0174377189219,0.0
Kansas,2013,14,370886,3.7747448,1.328332778,44311,10.69898823,5.333333333,1.673976434,5.75,1.749199855,11,2014,True,court,0.00982788156799,0.0130546972251,0.0
Kansas,2014,13,370176,3.511843015,1.256140975,44891,10.71199261,4.5,1.504077397,5.333333333,1.673976434,11,2014,True,court,0.00982598439016,0.0123428216122,0.0833333333333
Massachusetts,1999,21,768629,2.732137351,1.005084215,34783,10.45688404,3.183333333,1.157928866,,,5,2004,True,court,0.0208139017103,0.0209197240616,0.0
Massachusetts,2000,18,772042,2.331479375,0.846502991,38438,10.55680183,2.691666667,0.990160581,3.183333333,1.157928866,5,2004,True,court,0.0207927146722,0.017601095161,0.0
Massachusetts,2001,13,774180,1.679196053,0.518315139,39774,10.59096871,3.725,1.315066852,2.691666667,0.990160581,5,2004,True,court,0.0207814638941,0.0107713473469,0.0
Massachusetts,2002,9,773919,1.162912398,0.150927546,39742,10.59016384,5.266666667,1.661397651,3.725,1.315066852,5,2004,True,court,0.0206950283655,0.0031234498456,0.0
Massachusetts,2003,16,771306,2.074403674,0.729673726,40744,10.61506387,5.708333333,1.741927095,5.266666667,1.661397651,5,2004,True,court,0.020560270887,0.0150022894657,0.0
Massachusetts,2004,11,765029,1.43785399,0.363151717,42674,10.66134511,5.15,1.638996715,5.708333333,1.741927095,5,2004,True,court,0.0203500165933,0.00739014346683,0.583333333333
Massachusetts,2005,12,758648,1.581761238,0.458538934,44596,10.70539945,4.866666667,1.58240924,5.15,1.638996715,5,2004,True,court,0.0201162041655,0.0092240628142,1.0
Massachusetts,2006,9,752441,1.19610707,0.179072175,47940,10.77770551,4.9,1.589235205,4.866666667,1.58240924,5,2004,True,court,0.01988025993,0.00356000138523,1.0
Massachusetts,2007,15,747216,2.007451661,0.696866087,50103,10.82183617,4.608333333,1.527866259,4.9,1.589235205,5,2004,True,court,0.0196791809127,0.013713753798,1.0
Massachusetts,2008,9,744625,1.208662078,0.189514027,51742,10.85402511,5.533333333,1.710790407,4.608333333,1.527866259,5,2004,True,court,0.0195374497458,0.00370262077863,1.0
Massachusetts,2009,9,740699,1.215068469,0.194800428,50296,10.82568083,8.091666667,2.090834726,5.533333333,1.710790407,5,2004,True,court,0.0194134361393,0.00378174566889,1.0
Massachusetts,2010,18,738074,2.438779851,0.891497853,51643,10.85210994,8.3,2.116255515,8.091666667,2.090834726,5,2004,True,court,0.0193290496283,0.0172318062442,1.0
Massachusetts,2011,19,730625,2.600513259,0.955708833,54327,10.90277662,7.25,1.981001469,8.3,2.116255515,5,2004,True,court,0.0192406710166,0.0183884792435,1.0
Massachusetts,2012,15,729214,2.057009328,0.721253145,56752,10.94644618,6.666666667,1.897119985,7.25,1.981001469,5,2004,True,court,0.0192631062885,0.013893575993,1.0
Massachusetts,2013,11,724327,1.518651106,0.417822511,56549,10.9428628,6.733333333,1.907070316,6.666666667,1.897119985,5,2004,True,court,0.0191934987368,0.00801947583709,1.0
Massachusetts,2014,16,722121,2.215695154,0.795566193,58737,10.98082513,5.8,1.757857918,6.733333333,1.907070316,5,2004,True,court,0.0191680435085,0.0152494474013,1.0
Montana,1999,11,120582,9.122422916,2.210735439,22243,10.00978263,5.258333333,1.65981412,,,11,2014,True,court,0.00326527088626,0.00721865006618,0.0
Montana,2000,12,119952,10.0040016,2.302985173,23594,10.06874772,4.958333333,1.601069663,5.258333333,1.65981412,11,2014,True,court,0.00323055962028,0.007439930906,0.0
Montana,2001,9,118606,7.588148998,2.026587688,24751,10.11662117,4.55,1.515127233,4.958333333,1.601069663,11,2014,True,court,0.00318376386193,0.00645217664408,0.0
Montana,2002,10,117029,8.544890583,2.145333512,25296,10.13840156,4.416666667,1.485385264,4.55,1.515127233,11,2014,True,court,0.00312942113397,0.00671365203187,0.0
Montana,2003,9,116448,7.728771641,2.044949942,26663,10.19103212,4.716666667,1.551102335,4.416666667,1.485385264,11,2014,True,court,0.00310408894038,0.00634770649859,0.0
Montana,2004,11,115678,9.509154723,2.25225499,28180,10.24636779,4.766666667,1.561647249,4.716666667,1.551102335,11,2014,True,court,0.00307707187502,0.00693035048511,0.0
Montana,2005,13,115197,11.2850161,2.423475837,29561,10.2942112,4.35,1.470175845,4.766666667,1.561647249,11,2014,True,court,0.00305454752568,0.00740262212144,0.0
Montana,2006,9,115203,7.812296555,2.055698974,31484,10.35723476,3.483333333,1.24798969,4.35,1.470175845,11,2014,True,court,0.00304378095388,0.00625709738397,0.0
Montana,2007,9,115393,7.799433241,2.05405107,33374,10.41553243,3.558333333,1.26929227,3.483333333,1.24798969,11,2014,True,court,0.00303906731529,0.00624239947077,0.0
Montana,2008,9,116176,7.746866823,2.047288481,34912,10.46058589,5.066666667,1.622683139,3.558333333,1.26929227,11,2014,True,court,0.00304822261093,0.00624059103888,0.0
Montana,2009,9,115950,7.761966365,2.0492357,33627,10.42308459,6.841666667,1.923031367,5.066666667,1.622683139,11,2014,True,court,0.00303900494041,0.00622763741636,0.0
Montana,2010,11,115828,9.496840142,2.250959127,34737,10.45556068,7.3,1.987874348,6.841666667,1.923031367,11,2014,True,court,0.00303336137074,0.00682797246296,0.0
Montana,2011,9,114975,7.82778865,2.05768005,36959,10.51756447,6.958333333,1.939939982,7.3,1.987874348,11,2014,True,court,0.00302781337915,0.00623027118539,0.0
Montana,2012,9,114532,7.858065868,2.061540503,39102,10.5739289,6.016666667,1.794533396,6.958333333,1.939939982,11,2014,True,court,0.00302550703831,0.00623720530158,0.0
Montana,2013,9,115118,7.818064942,2.056437074,38884,10.56833813,5.45,1.695615609,6.016666667,1.794533396,11,2014,True,court,0.00305044156518,0.00627304112671,0.0
Montana,2014,11,115360,9.535367545,2.255007785,39903,10.59420679,4.7,1.547562509,5.45,1.695615609,11,2014,True,court,0.00306212601371,0.00690511799956,0.0833333333333
Nevada,1999,10,251274,3.97971935,1.381211302,29726,10.29977736,3.983333333,1.38211899,,,10,2014,True,court,0.00680431305397,0.00939819409249,0.0
Nevada,2000,9,261121,3.446677977,1.237410862,31230,10.34913445,4.166666667,1.427116356,3.983333333,1.38211899,10,2014,True,court,0.00703253767013,0.00870213850045,0.0
Nevada,2001,9,271898,3.310064804,1.196967767,31789,10.3668756,5.183333333,1.64544835,4.166666667,1.427116356,10,2014,True,court,0.00729861074929,0.00873620181078,0.0
Nevada,2002,9,280920,3.203759077,1.164324832,31882,10.36979687,5.633333333,1.728701333,5.183333333,1.64544835,10,2014,True,court,0.00751195844581,0.00874635975541,0.0
Nevada,2003,15,289426,5.182671909,1.645320736,33347,10.41472309,5.083333333,1.625967214,5.633333333,1.728701333,10,2014,True,court,0.00771506634428,0.0126937586359,0.0
Nevada,2004,10,300808,3.324379671,1.201283092,35744,10.4841377,4.3,1.458615023,5.083333333,1.625967214,10,2014,True,court,0.00800158920955,0.00961217382656,0.0
Nevada,2005,18,311310,5.782017924,1.754752744,38683,10.56315551,4.091666667,1.408952385,4.3,1.458615023,10,2014,True,court,0.00825465237999,0.0144848739146,0.0
Nevada,2006,19,322882,5.884502698,1.772322234,39915,10.59450747,4.05,1.398716881,4.091666667,1.408952385,10,2014,True,court,0.00853087230324,0.0151194546584,0.0
Nevada,2007,11,332647,3.306808719,1.195983591,40939,10.61983843,4.491666667,1.502223828,4.05,1.398716881,10,2014,True,court,0.00876081413283,0.0104777899467,0.0
Nevada,2008,10,338576,2.953546619,1.083006692,40243,10.60269135,6.708333333,1.903350535,4.491666667,1.502223828,10,2014,True,court,0.00888354753751,0.00962094143182,0.0
Nevada,2009,9,340881,2.640217554,0.970861321,36931,10.51680659,11.3,2.424802726,6.708333333,1.903350535,10,2014,True,court,0.00893436000941,0.00867402456103,0.0
Nevada,2010,9,340551,2.642775972,0.971829869,36918,10.51645452,13.525,2.604539825,11.3,2.424802726,10,2014,True,court,0.00891851925412,0.00866728339841,0.0
Nevada,2011,18,338876,5.311677428,1.669907685,37745,10.5386083,13.075,2.57070201,13.525,2.604539825,10,2014,True,court,0.00892414252378,0.0149024941825,0.0
Nevada,2012,9,338961,2.655172719,0.976509707,39436,10.58243438,11.18333333,2.414424574,13.075,2.57070201,10,2014,True,court,0.00895408175193,0.00874374774803,0.0
Nevada,2013,12,338489,3.545166904,1.26558524,39223,10.57701859,9.558333333,2.257413374,11.18333333,2.414424574,10,2014,True,court,0.00896941325385,0.0113515570255,0.0
Nevada,2014,14,338834,4.13181676,1.418717204,40742,10.61501478,7.8,2.054123734,9.558333333,2.257413374,10,2014,True,court,0.00899403957808,0.0127599986829,0.166666666667
New Jersey,1999,12,1055055,1.137381464,0.128728659,35921,10.48907736,4.516666667,1.507774259,,,10,2013,True,court,0.0285701047826,0.00367779127616,0.0
New Jersey,2000,24,1066165,2.251058701,0.811400639,39165,10.57553877,3.7,1.30833282,4.516666667,1.507774259,10,2013,True,court,0.0287140656059,0.0232986111809,0.0
New Jersey,2001,9,1074599,0.837521717,-0.177308084,40227,10.60229369,4.258333333,1.448877847,3.7,1.30833282,10,2013,True,court,0.0288456693781,-0.00511457036913,0.0
New Jersey,2002,14,1080652,1.29551419,0.258907674,40964,10.62044891,5.775,1.753538256,4.258333333,1.448877847,10,2013,True,court,0.0288972409169,0.00748171743082,0.0
New Jersey,2003,12,1085552,1.10542839,0.100232943,41861,10.64210988,5.833333333,1.763588592,5.775,1.753538256,10,2013,True,court,0.0289369500327,0.00290043566322,0.0
New Jersey,2004,25,1088295,2.297171263,0.83167848,43686,10.68478296,4.841666667,1.577259014,5.833333333,1.763588592,10,2013,True,court,0.0289489958007,0.024076256825,0.0
New Jersey,2005,16,1087672,1.471031708,0.385963997,45341,10.72196698,4.491666667,1.502223828,4.841666667,1.577259014,10,2013,True,court,0.0288405584898,0.0111314172304,0.0
New Jersey,2006,13,1082739,1.2006587,0.182870323,48444,10.78816377,4.716666667,1.551102335,4.491666667,1.502223828,10,2013,True,court,0.0286070705296,0.00523138422783,0.0
New Jersey,2007,17,1075192,1.581112955,0.458129001,50685,10.83338529,4.291666667,1.456675158,4.716666667,1.551102335,10,2013,True,court,0.0283169764618,0.0129728281378,0.0
New Jersey,2008,15,1070477,1.401244492,0.337360765,52256,10.86391,5.333333333,1.673976434,4.291666667,1.456675158,10,2013,True,court,0.0280871453302,0.00947550083526,0.0
New Jersey,2009,22,1066189,2.063424027,0.724366752,50300,10.82576036,9.058333333,2.203685144,5.333333333,1.673976434,10,2013,True,court,0.0279444039535,0.0202419971284,0.0
New Jersey,2010,20,1064199,1.879347754,0.630924777,51202,10.84353387,9.516666667,2.253044647,9.058333333,2.203685144,10,2013,True,court,0.0278697736072,0.0175837306982,0.0
New Jersey,2011,19,1053134,1.804138885,0.590083406,53556,10.88848311,9.316666667,2.231804911,9.516666667,2.253044647,10,2013,True,court,0.0277337961751,0.0163652529083,0.0
New Jersey,2012,19,1044526,1.819006899,0.598290692,55142,10.91766696,9.283333333,2.228220678,9.316666667,2.231804911,10,2013,True,court,0.0275924699184,0.0165083179215,0.0
New Jersey,2013,19,1040008,1.826909024,0.602625481,55194,10.91860953,8.141666667,2.096994909,9.283333333,2.228220678,10,2013,True,court,0.0275585367303,0.0166074764528,0.166666666667
New Jersey,2014,16,1033163,1.548642373,0.437378659,57620,10.96162501,6.6,1.887069649,8.141666667,2.096994909,10,2013,True,court,0.0274243697876,0.0119948340816,1.0
New Mexico,1999,19,261614,7.26260827,1.98273903,21768,9.98819628,5.575,1.718292317,,,12,2013,True,court,0.00708431256437,0.0140463430221,0.0
New Mexico,2000,23,260396,8.832700963,2.178460853,23438,10.06211392,4.925,1.594324275,5.575,1.718292317,12,2013,True,court,0.00701301189545,0.0152775718759,0.0
New Mexico,2001,15,257919,5.815779373,1.760574805,25264,10.13713574,4.925,1.594324275,4.925,1.594324275,12,2013,True,court,0.00692336974103,0.0121891103317,0.0
New Mexico,2002,15,257681,5.821150958,1.761498001,25777,10.1572379,5.541666667,1.712295298,4.925,1.594324275,12,2013,True,court,0.00689053454462,0.0121376628262,0.0
New Mexico,2003,26,256381,10.14115711,2.316602105,26250,10.17542127,5.858333333,1.767865149,5.541666667,1.712295298,12,2013,True,court,0.0068342043369,0.0158321321529,0.0
New Mexico,2004,26,256488,10.13692648,2.316184844,27435,10.21957485,5.5,1.704748092,5.858333333,1.767865149,12,2013,True,court,0.0068226630049,0.0158025486477,0.0
New Mexico,2005,17,256798,6.619989252,1.890093746,29005,10.27522351,5.116666667,1.632503185,5.5,1.704748092,12,2013,True,court,0.00680921981908,0.0128700637952,0.0
New Mexico,2006,19,257736,7.371884409,1.99767336,30497,10.3253836,4.166666667,1.427116356,5.116666667,1.632503185,12,2013,True,court,0.00680964842868,0.0136034532569,0.0
New Mexico,2007,21,259146,8.103540089,2.092301014,31832,10.36822735,3.75,1.32175584,4.166666667,1.427116356,12,2013,True,court,0.00682504258047,0.0142800435117,0.0
New Mexico,2008,26,261172,9.955125358,2.29808753,33374,10.41553243,4.45,1.492904096,3.75,1.32175584,12,2013,True,court,0.00685262356891,0.0157479287715,0.0
New Mexico,2009,12,263663,4.551264303,1.515405063,32293,10.38260577,7.533333333,2.019337618,4.45,1.492904096,12,2013,True,court,0.00691050590429,0.0104722156353,0.0
New Mexico,2010,15,265661,5.646293585,1.730999327,33019,10.40483843,8.1,2.091864062,7.533333333,2.019337618,12,2013,True,court,0.00695726262313,0.0120430169184,0.0
New Mexico,2011,19,265031,7.168972686,1.969762365,34556,10.45033648,7.558333333,2.022650707,8.1,2.091864062,12,2013,True,court,0.006979468647,0.0137478946685,0.0
New Mexico,2012,17,262443,6.47759704,1.868349614,35585,10.47967948,7.125,1.963609726,7.558333333,2.022650707,12,2013,True,court,0.006932762404,0.0129528239615,0.0
New Mexico,2013,15,259198,5.78708169,1.755628139,35254,10.47033428,6.891666667,1.930312952,7.125,1.963609726,12,2013,True,court,0.00686832947769,0.0120582324989,0.0
New Mexico,2014,13,255802,5.082055652,1.625715836,37091,10.52112963,6.5,1.871802177,6.891666667,1.930312952,12,2013,True,court,0.00679003084742,0.0110386606756,1.0
North Carolina,1999,35,988546,3.5405535,1.264283071,26464,10.1835406,3.191666667,1.160543247,,,10,2014,True,court,0.0267690905237,0.0338437079752,0.0
North Carolina,2000,30,1005808,2.982676614,1.09282109,27876,10.23552138,3.666666667,1.299282984,3.191666667,1.160543247,10,2014,True,court,0.0270885246645,0.0296029110504,0.0
North Carolina,2001,32,1024406,3.123761477,1.139037877,28484,10.25709781,5.516666667,1.707773813,3.666666667,1.299282984,10,2014,True,court,0.0274983289441,0.0313216382215,0.0
North Carolina,2002,17,1041105,1.632880449,0.490345602,28507,10.25790495,6.658333333,1.895869203,5.516666667,1.707773813,10,2014,True,court,0.0278397319441,0.0136510901196,0.0
North Carolina,2003,28,1056016,2.651474978,0.97511608,29081,10.27784032,6.375,1.852384091,6.658333333,1.895869203,10,2014,True,court,0.0281496254677,0.0274491524395,0.0
North Carolina,2004,27,1068138,2.527763267,0.927334827,30785,10.33478284,5.491666667,1.703231792,6.375,1.852384091,10,2014,True,court,0.0284128131403,0.026348191158,0.0
North Carolina,2005,27,1086739,2.484497198,0.910070304,32245,10.38111827,5.233333333,1.655048424,5.491666667,1.703231792,10,2014,True,court,0.0288158191924,0.0262244213324,0.0
North Carolina,2006,26,1109272,2.34387959,0.851807501,33775,10.42747616,4.75,1.558144618,5.233333333,1.655048424,10,2014,True,court,0.0293080994963,0.024964858991,0.0
North Carolina,2007,27,1135606,2.377585184,0.866085344,35096,10.46584244,4.725,1.552867561,4.75,1.558144618,10,2014,True,court,0.0299080800191,0.0259029497717,0.0
North Carolina,2008,25,1156449,2.161790101,0.770936629,35917,10.488966,6.1,1.808288771,4.725,1.552867561,10,2014,True,court,0.0303428762411,0.0233924347235,0.0
North Carolina,2009,37,1168997,3.165106497,1.152186703,34944,10.46150206,10.575,2.358492725,6.1,1.808288771,10,2014,True,court,0.0306389621244,0.0353018047534,0.0
North Carolina,2010,29,1172989,2.47231645,0.905155545,35569,10.47922975,10.85,2.38416508,10.575,2.358492725,10,2014,True,court,0.0307188203276,0.0278053105554,0.0
North Carolina,2011,26,1176652,2.209659271,0.792838327,36622,10.50840443,10.225,2.324835702,10.85,2.38416508,10,2014,True,court,0.0309865855029,0.0245673526096,0.0
North Carolina,2012,33,1175180,2.808080464,1.032501141,38655,10.56243141,9.225,2.22191719,10.225,2.324835702,10,2014,True,court,0.0310438598931,0.0320528207607,0.0
North Carolina,2013,35,1173607,2.982258967,1.092681056,37774,10.53937631,7.916666667,2.068970242,9.225,2.22191719,10,2014,True,court,0.0310986950259,0.0339809549211,0.0
North Carolina,2014,48,1171936,4.095786801,1.409958836,39171,10.57569196,6.1,1.808288771,7.916666667,2.068970242,10,2014,True,court,0.0311079725381,0.0438609607502,0.166666666667
Oklahoma,1999,19,462860,4.104912933,1.412184533,22797,10.03438423,3.516666667,1.257513571,,,10,2014,True,court,0.0125339045829,0.01770018619,0.0
Oklahoma,2000,15,461231,3.252166485,1.179321385,24801,10.11863925,3.041666667,1.112405611,3.516666667,1.257513571,10,2014,True,court,0.0124219208035,0.0146494368464,0.0
Oklahoma,2001,21,457298,4.592191525,1.524357367,26572,10.18761331,3.675,1.301553133,3.041666667,1.112405611,10,2014,True,court,0.0122753389081,0.0187120032969,0.0
Oklahoma,2002,24,455991,5.263261775,1.660750944,26807,10.19641833,4.641666667,1.535073497,3.675,1.301553133,10,2014,True,court,0.0121934552316,0.0202502922865,0.0
Oklahoma,2003,24,455139,5.273114367,1.66262115,27548,10.22368522,5.475,1.700192276,4.641666667,1.535073497,10,2014,True,court,0.0121323847231,0.0201715594406,0.0
Oklahoma,2004,18,453840,3.966155473,1.377797231,28989,10.27467173,4.883333333,1.585828047,5.475,1.700192276,10,2014,True,court,0.0120722894566,0.0166331669851,0.0
Oklahoma,2005,14,454584,3.079738838,1.124844801,30957,10.34035442,4.466666667,1.496642418,4.883333333,1.585828047,10,2014,True,court,0.0120536857072,0.0135585257006,0.0
Oklahoma,2006,17,459129,3.702663086,1.309052314,33522,10.41995722,4.016666667,1.390452371,4.466666667,1.496642418,10,2014,True,court,0.0121306572361,0.0158796649253,0.0
Oklahoma,2007,18,463645,3.882280624,1.356422771,34563,10.45053902,4.1,1.410986974,4.016666667,1.390452371,10,2014,True,court,0.0122108651772,0.01656309558,0.0
Oklahoma,2008,20,467611,4.277059351,1.453265706,37739,10.53844932,3.733333333,1.31730149,4.1,1.410986974,10,2014,True,court,0.0122691642277,0.0178303556134,0.0
Oklahoma,2009,24,473529,5.068327389,1.62301086,34578,10.45097292,6.358333333,1.849766288,3.733333333,1.31730149,10,2014,True,court,0.0124110131128,0.0201432090656,0.0
Oklahoma,2010,21,477904,4.394187954,1.480282748,35949,10.48985655,6.8,1.916922612,6.358333333,1.849766288,10,2014,True,court,0.0125155880488,0.0185266090698,0.0
Oklahoma,2011,22,478972,4.593170373,1.524570499,39037,10.57226519,5.9,1.774952351,6.8,1.916922612,10,2014,True,court,0.0126135058042,0.019230178838,0.0
Oklahoma,2012,33,480222,6.871821782,1.92742925,41549,10.63462873,5.266666667,1.661397651,5.9,1.774952351,10,2014,True,court,0.0126856689916,0.0244507294703,0.0
Oklahoma,2013,25,484429,5.160714986,1.641075133,41962,10.64451973,5.358333333,1.678652981,5.266666667,1.661397651,10,2014,True,court,0.0128365881702,0.0210658056387,0.0
Oklahoma,2014,27,486078,5.554664066,1.714637947,43637,10.68366069,4.5,1.504077397,5.358333333,1.678652981,10,2014,True,court,0.0129024972997,0.0221231114811,0.166666666667
Oregon,1999,19,435235,4.365457741,1.47372305,26959,10.20207247,5.5,1.704748092,,,5,2014,True,court,0.0117858401269,0.0173690642586,0.0
Oregon,2000,24,436726,5.495436498,1.70391802,28878,10.27083534,5.1,1.62924054,5.5,1.704748092,5,2014,True,court,0.0117619496192,0.0200413979066,0.0
Oregon,2001,11,437112,2.516517506,0.922876004,29342,10.28677522,6.416666667,1.858898772,5.1,1.62924054,5,2014,True,court,0.0117334821949,0.0108285491611,0.0
Oregon,2002,13,438600,2.963976288,1.086531707,29306,10.28554755,7.525,2.018230811,6.416666667,1.858898772,5,2014,True,court,0.0117284101322,0.0127432894813,0.0
Oregon,2003,9,438634,2.051824528,0.718729411,30028,10.30988556,8.108333333,2.092892339,7.525,2.018230811,5,2014,True,court,0.0116924202071,0.0084036862886,0.0
Oregon,2004,9,436708,2.060873627,0.723129984,31486,10.35729828,7.308333333,1.98901525,8.108333333,2.092892339,5,2014,True,court,0.0116165727658,0.00840029207824,0.0
Oregon,2005,14,437452,3.200351124,1.16326053,32434,10.38696253,6.175,1.820508883,7.308333333,1.98901525,5,2014,True,court,0.0115994159935,0.0134931427963,0.0
Oregon,2006,9,440609,2.042627363,0.714236902,34546,10.45004705,5.341666667,1.675537714,6.175,1.820508883,5,2014,True,court,0.0116413399157,0.00831467455651,0.0
Oregon,2007,12,443508,2.705700912,0.995360996,35648,10.48144832,5.15,1.638996715,5.341666667,1.675537714,5,2014,True,court,0.0116805236615,0.0116263376655,0.0
Oregon,2008,16,446808,3.580956473,1.275629936,36750,10.5118935,6.541666667,1.878191975,5.15,1.638996715,5,2014,True,court,0.0117233357005,0.0149546379694,0.0
Oregon,2009,12,446687,2.686444871,0.98821871,35390,10.47418457,11.26666667,2.421848514,6.541666667,1.878191975,5,2014,True,court,0.0117074946082,0.011569565219,0.0
Oregon,2010,11,446951,2.461119899,0.90061649,35791,10.48545174,10.65,2.365559892,11.26666667,2.421848514,5,2014,True,court,0.0117049754637,0.0105416939177,0.0
Oregon,2011,17,444452,3.824934976,1.341541467,37512,10.53241616,9.483333333,2.249535872,10.65,2.365559892,5,2014,True,court,0.0117044375907,0.0157019883758,0.0
Oregon,2012,15,443068,3.385484847,1.21949713,39083,10.57344287,8.8,2.174751721,9.483333333,2.249535872,5,2014,True,court,0.0117041992845,0.0142732374364,0.0
Oregon,2013,24,441089,5.441078785,1.693977347,39426,10.58218078,7.858333333,2.06157454,8.8,2.174751721,5,2014,True,court,0.0116881479833,0.0197994579121,0.0
Oregon,2014,21,440509,4.767212475,1.561761747,41220,10.62667885,6.9,1.931521412,7.858333333,2.06157454,5,2014,True,court,0.0116929097449,0.0182615391507,0.583333333333
Pennsylvania,1999,51,1517578,3.360618037,1.212124897,28524,10.25850112,4.375,1.47590652,,,5,2014,True,court,0.0410948836561,0.0498121316189,0.0
Pennsylvania,2000,41,1514611,2.706965683,0.995828333,30493,10.32525243,4.133333333,1.419084184,4.375,1.47590652,5,2014,True,court,0.0407916594724,0.0406214902527,0.0
Pennsylvania,2001,45,1505838,2.988369267,1.094727843,31524,10.35850444,4.8,1.568615918,4.133333333,1.419084184,5,2014,True,court,0.040421501495,0.0442505431424,0.0
Pennsylvania,2002,53,1500868,3.531289894,1.261663213,32108,10.3768605,5.625,1.727220948,4.8,1.568615918,5,2014,True,court,0.0401340525724,0.0506356577192,0.0
Pennsylvania,2003,57,1495884,3.810455891,1.337748838,33055,10.40592812,5.658333333,1.733129385,5.625,1.727220948,5,2014,True,court,0.0398749397198,0.0533426542755,0.0
Pennsylvania,2004,46,1490336,3.086552294,1.127054706,34648,10.45299528,5.416666667,1.68948062,5.658333333,1.733129385,5,2014,True,court,0.0396434152556,0.0446802977257,0.0
Pennsylvania,2005,32,1485404,2.15429607,0.767464021,35910,10.48877109,4.975,1.604425371,5.416666667,1.68948062,5,2014,True,court,0.0393867645236,0.0302279246755,0.0
Pennsylvania,2006,28,1480598,1.891127774,0.637173357,38202,10.55064315,4.591666667,1.524243066,4.975,1.604425371,5,2014,True,court,0.039118911771,0.0249255283353,0.0
Pennsylvania,2007,35,1474746,2.373290045,0.864277197,40084,10.59873253,4.391666667,1.479708806,4.591666667,1.524243066,5,2014,True,court,0.0388398981477,0.0335684383028,0.0
Pennsylvania,2008,39,1468057,2.656572599,0.977036795,41675,10.63765671,5.316666667,1.670846541,4.391666667,1.479708806,5,2014,True,court,0.0385188381553,0.0376343221784,0.0
Pennsylvania,2009,47,1459385,3.220534677,1.169547395,40785,10.61606965,8.05,2.085672091,5.316666667,1.670846541,5,2014,True,court,0.0382499200083,0.0447350943046,0.0
Pennsylvania,2010,57,1452992,3.9229397,1.366841296,41918,10.64347061,8.483333333,2.138103454,8.05,2.085672091,5,2014,True,court,0.038051678392,0.0520106054084,0.0
Pennsylvania,2011,41,1433197,2.860737219,1.05107936,44018,10.69235392,7.925,2.07002232,8.483333333,2.138103454,5,2014,True,court,0.0377425792699,0.0396704460637,0.0
Pennsylvania,2012,41,1421502,2.884273114,1.059272915,45781,10.73162444,7.85,2.060513532,7.925,2.07002232,5,2014,True,court,0.037550765777,0.0397765091251,0.0
Pennsylvania,2013,54,1406421,3.839533113,1.345350774,46028,10.73700519,7.425,2.004852685,7.85,2.060513532,5,2014,True,court,0.0372678910035,0.050138386007,0.0
Pennsylvania,2014,41,1396647,2.935602196,1.07691261,47679,10.77224633,5.8,1.757857918,7.425,2.004852685,5,2014,True,court,0.0370727211396,0.0399240808822,0.583333333333
South Carolina,1999,24,518225,4.631193015,1.532814505,23715,10.07386304,4.258333333,1.448877847,,,11,2014,True,court,0.0140331476094,0.0215102122064,0.0
South Carolina,2000,17,519733,3.270910256,1.185068312,25143,10.13233481,3.758333333,1.323975597,4.258333333,1.448877847,11,2014,True,court,0.0139975026938,0.0165879968896,0.0
South Carolina,2001,10,523074,1.911775389,0.648032334,25859,10.16041398,5.216666667,1.651858628,3.758333333,1.323975597,11,2014,True,court,0.0140409768335,0.00909900698905,0.0
South Carolina,2002,10,525657,1.902381211,0.64310637,26263,10.17591638,5.808333333,1.759293668,5.216666667,1.651858628,11,2014,True,court,0.0140563631666,0.00903973669145,0.0
South Carolina,2003,12,527688,2.274071042,0.821571636,26903,10.19999308,6.908333333,1.932728412,5.808333333,1.759293668,11,2014,True,court,0.0140662826736,0.0115564588686,0.0
South Carolina,2004,18,529640,3.398534854,1.223344413,28135,10.24476963,6.825,1.920592341,6.908333333,1.932728412,11,2014,True,court,0.0140885937506,0.0172352024519,0.0
South Carolina,2005,16,533739,2.997719859,1.097851953,29402,10.28881798,6.725,1.905831925,6.825,1.920592341,11,2014,True,court,0.0141525486064,0.0155374031274,0.0
South Carolina,2006,13,539140,2.411247542,0.880144266,31183,10.34762835,6.433333333,1.861492807,6.725,1.905831925,11,2014,True,court,0.0142446295971,0.0125373290612,0.0
South Carolina,2007,9,546244,1.647615351,0.499329001,32443,10.38723998,5.666666667,1.734601055,6.433333333,1.861492807,11,2014,True,court,0.0143862477496,0.00718347071696,0.0
South Carolina,2008,24,552231,4.346007377,1.469257579,33449,10.41777717,6.791666667,1.915696371,5.666666667,1.734601055,11,2014,True,court,0.0144894214008,0.0212886922084,0.0
South Carolina,2009,13,555530,2.340107645,0.85019693,32499,10.3889646,11.25833333,2.421108595,6.791666667,1.915696371,11,2014,True,court,0.0145602278098,0.012379060984,0.0
South Carolina,2010,18,555820,3.238458494,1.175097443,32853,10.39979834,11.15833333,2.412186603,11.25833333,2.421108595,11,2014,True,court,0.0145560910754,0.0171048254028,0.0
South Carolina,2011,23,555160,4.14294978,1.421408041,34220,10.44056555,10.55,2.35612586,11.15833333,2.412186603,11,2014,True,court,0.0146198815009,0.0207808171239,0.0
South Carolina,2012,16,554929,2.883251731,1.058918731,35461,10.47618878,9.166666667,2.215573716,10.55,2.35612586,11,2014,True,court,0.0146591484935,0.0155228469203,0.0
South Carolina,2013,21,553818,3.79185942,1.332856511,35472,10.47649893,7.641666667,2.03361573,9.166666667,2.215573716,11,2014,True,court,0.0146752848968,0.0195600490254,0.0
South Carolina,2014,25,554599,4.507761464,1.505800681,36677,10.50990513,6.4,1.85629799,7.641666667,2.03361573,11,2014,True,court,0.0147213247666,0.0221673808588,0.0833333333333
Utah,1999,19,368419,5.15717159,1.640388288,23386,10.05989283,3.541666667,1.264597426,,,10,2014,True,court,0.00997651253623,0.0163653543195,0.0
Utah,2000,21,369826,5.678346033,1.736659999,24781,10.11783251,3.341666667,1.206469685,3.541666667,1.264597426,10,2014,True,court,0.00996019192786,0.0172974669035,0.0
Utah,2001,22,372779,5.901619995,1.775226889,25712,10.15471309,4.416666667,1.485385264,3.341666667,1.206469685,10,2014,True,court,0.0100065789984,0.0177639481049,0.0
Utah,2002,22,375253,5.862711291,1.768612174,25960,10.16431217,5.8,1.757857918,4.416666667,1.485385264,10,2014,True,court,0.0100344758033,0.0177470960654,0.0
Utah,2003,17,378493,4.49149654,1.502185951,26316,10.1779324,5.633333333,1.728701333,5.8,1.757857918,10,2014,True,court,0.0100892753445,0.0151559676782,0.0
Utah,2004,20,382829,5.224264619,1.653314045,27545,10.22357631,4.991666667,1.607769855,5.633333333,1.728701333,10,2014,True,court,0.0101833740974,0.0168363154208,0.0
Utah,2005,13,391149,3.323541668,1.201030982,29398,10.28868192,4.091666667,1.408952385,4.991666667,1.607769855,10,2014,True,court,0.0103716521274,0.0124566755395,0.0
Utah,2006,9,401449,2.241878794,0.807314262,31786,10.36678122,2.975,1.090244039,4.091666667,1.408952385,10,2014,True,court,0.010606692709,0.00856293429662,0.0
Utah,2007,14,414475,3.377767055,1.217214856,33643,10.42356029,2.566666667,0.94260804,2.975,1.090244039,10,2014,True,court,0.010915891133,0.0132869848535,0.0
Utah,2008,14,426873,3.279663975,1.187740971,34512,10.44906237,3.591666667,1.278616347,2.566666667,0.94260804,10,2014,True,court,0.0112002817328,0.0133030335008,0.0
Utah,2009,17,436580,3.893902607,1.359411896,32428,10.38677753,7.325,1.991293155,3.591666667,1.278616347,10,2014,True,court,0.0114425940223,0.015555198435,0.0
Utah,2010,22,443517,4.960351012,1.601476507,32614,10.39249692,7.833333333,2.058388132,7.325,1.991293155,10,2014,True,court,0.0116150441609,0.0186012203514,0.0
Utah,2011,17,448308,3.792035833,1.332903034,34415,10.44624779,6.741666667,1.908307174,7.833333333,2.058388132,10,2014,True,court,0.0118059835649,0.0157362313131,0.0
Utah,2012,24,452293,5.306294813,1.668893816,35995,10.49113532,5.441666667,1.694085387,6.741666667,1.908307174,10,2014,True,court,0.0119478892788,0.0199397585316,0.0
Utah,2013,30,457411,6.55865294,1.880785237,36542,10.50621756,4.675,1.542229163,5.441666667,1.694085387,10,2014,True,court,0.0121206546915,0.0227963484065,0.0
Utah,2014,28,460700,6.077707836,1.804627624,37664,10.53646001,3.8,1.335001067,4.675,1.542229163,10,2014,True,court,0.0122288614296,0.0220685411459,0.166666666667
Virginia,1999,31,882810,3.511514369,1.256047389,30479,10.3247932,2.75,1.011600912,,,10,2014,True,court,0.0239058382768,0.0300268657495,0.0
Virginia,2000,27,891202,3.029616181,1.108435939,32465,10.38791786,2.3,0.832909123,2.75,1.011600912,10,2014,True,court,0.0240019440669,0.0266046174096,0.0
Virginia,2001,22,899802,2.444982341,0.8940379,33711,10.42557947,3.233333333,1.173513597,2.3,0.832909123,10,2014,True,court,0.0241535596048,0.0215941977066,0.0
Virginia,2002,28,907371,3.085838097,1.126823289,34154,10.43863499,4.216666667,1.439044927,3.233333333,1.173513597,10,2014,True,court,0.0242636097356,0.0273408005253,0.0
Virginia,2003,30,914175,3.281647387,1.188345548,35745,10.48416568,4.108333333,1.413017431,4.216666667,1.439044927,10,2014,True,court,0.0243686495867,0.0289583762471,0.0
Virginia,2004,28,922667,3.034680985,1.110106307,37753,10.53882022,3.825,1.341558467,4.108333333,1.413017431,10,2014,True,court,0.0245432379166,0.0272456032054,0.0
Virginia,2005,22,929998,2.365596485,0.861030204,40036,10.59753433,3.566666667,1.271631453,3.825,1.341558467,10,2014,True,court,0.0246596967784,0.0212327437477,0.0
Virginia,2006,22,936586,2.348956743,0.85397129,42386,10.6545734,3.1,1.131402111,3.566666667,1.271631453,10,2014,True,court,0.0247455589565,0.0211319969039,0.0
Virginia,2007,19,940225,2.020792895,0.703489957,44422,10.70149012,3.033333333,1.109662125,3.1,1.131402111,10,2014,True,court,0.0247623951758,0.0174200963174,0.0
Virginia,2008,33,944736,3.493039325,1.250772224,45618,10.72805765,3.941666667,1.371603646,3.033333333,1.109662125,10,2014,True,court,0.0247879565191,0.0310040875038,0.0
Virginia,2009,28,949235,2.949743741,1.081718299,44458,10.7023002,6.7,1.902107526,3.941666667,1.371603646,10,2014,True,court,0.0248790845589,0.0269121610298,0.0
Virginia,2010,26,952914,2.728472874,1.003742066,45412,10.72353167,7.15,1.967112357,6.7,1.902107526,10,2014,True,court,0.0249553865839,0.0250487712875,0.0
Virginia,2011,27,952300,2.835240995,1.042126941,47689,10.77245604,6.583333333,1.884541203,7.15,1.967112357,10,2014,True,court,0.0250783794822,0.026134854895,0.0
Virginia,2012,26,953094,2.727957578,1.003553189,49320,10.80608496,6.041666667,1.798679912,6.583333333,1.884541203,10,2014,True,court,0.0251771784756,0.0252666377492,0.0
Virginia,2013,25,955004,2.617790083,0.962330482,48956,10.79867721,5.683333333,1.737537915,6.041666667,1.798679912,10,2014,True,court,0.0253060676568,0.0243528002857,0.0
Virginia,2014,35,956927,3.657541275,1.296791139,50345,10.82665459,5.2,1.648658626,5.683333333,1.737537915,10,2014,True,court,0.0254007546803,0.0329394735933,0.166666666667
West Virginia,1999,11,212221,5.183275925,1.645437274,20873,9.946211737,6.458333333,1.865371287,,,10,2014,True,court,0.00574678685668,0.00945597729972,0.0
West Virginia,2000,9,209518,4.29557365,1.457585109,22110,10.00378527,5.483333333,1.701713188,6.458333333,1.865371287,10,2014,True,court,0.0056427603585,0.0082248034722,0.0
West Virginia,2001,9,205681,4.375708014,1.476068338,23306,10.05646612,5.008333333,1.611103192,5.483333333,1.701713188,10,2014,True,court,0.00552113497534,0.00814957252692,0.0
West Virginia,2002,9,204251,4.406343176,1.483045134,24206,10.09435582,5.916666667,1.777773227,5.008333333,1.611103192,10,2014,True,court,0.00546178636094,0.00810007568554,0.0
West Virginia,2003,9,203690,4.418479061,1.485795533,24669,10.11330267,6.05,1.800058272,5.916666667,1.777773227,10,2014,True,court,0.00542964994045,0.00806734962728,0.0
West Virginia,2004,9,202827,4.43727906,1.490041364,25498,10.1463553,5.325,1.672412712,6.05,1.800058272,10,2014,True,court,0.00539526320645,0.00803916534727,0.0
West Virginia,2005,9,202061,4.454100494,1.493825131,26360,10.17960299,5.108333333,1.630873193,5.325,1.672412712,10,2014,True,court,0.00535782118966,0.00800364794052,0.0
West Virginia,2006,9,201738,4.461231895,1.495424938,28319,10.25128824,4.941666667,1.597702656,5.108333333,1.630873193,10,2014,True,court,0.00533012405991,0.00797080044182,0.0
West Virginia,2007,9,201331,4.470250483,1.497444444,29316,10.28588872,4.583333333,1.522426535,4.941666667,1.597702656,10,2014,True,court,0.00530238802748,0.00794003149168,0.0
West Virginia,2008,9,201670,4.462736153,1.495762065,31397,10.35446763,4.358333333,1.472089721,4.583333333,1.522426535,10,2014,True,court,0.00529141177133,0.00791469299785,0.0
West Virginia,2009,9,201634,4.463532936,1.495940591,31429,10.35548631,7.725,2.044461823,4.358333333,1.472089721,10,2014,True,court,0.00528474965204,0.00790567151776,0.0
West Virginia,2010,9,201303,4.470872267,1.497583528,32104,10.37673591,8.641666667,2.156595465,7.725,2.044461823,10,2014,True,court,0.00527182325529,0.00789499566965,0.0
West Virginia,2011,9,198872,4.525523955,1.509733362,34211,10.44030251,8.075,2.088772869,8.641666667,2.156595465,10,2014,True,court,0.00523720202076,0.00790677861428,0.0
West Virginia,2012,9,198289,4.538829688,1.512669201,35374,10.47373237,7.491666667,2.013791292,8.075,2.088772869,10,2014,True,court,0.00523805368909,0.00792344248867,0.0
West Virginia,2013,9,196715,4.575146786,1.520638783,35163,10.46774967,6.75,1.909542505,7.491666667,2.013791292,10,2014,True,court,0.00521263062679,0.00792652829255,0.0
West Virginia,2014,13,195574,6.64710033,1.894180719,36132,10.49493418,6.5,1.871802177,6.75,1.909542505,10,2014,True,court,0.00519133350385,0.0098333238289,0.166666666667
Wisconsin,1999,23,708287,3.247271233,1.177815023,27807,10.23304307,3.116666667,1.136764055,,,10,2014,True,court,0.0191798852251,0.0225903569576,0.0
Wisconsin,2000,40,708283,5.647460125,1.731205909,29382,10.28813752,3.525,1.259880436,3.116666667,1.136764055,10,2014,True,court,0.0190755507164,0.0330237061177,0.0
Wisconsin,2001,35,708023,4.943342236,1.598041668,30473,10.32459632,4.525,1.509617577,3.525,1.259880436,10,2014,True,court,0.0190055987118,0.0303717386668,0.0
Wisconsin,2002,37,706347,5.238218609,1.65598148,31060,10.3436761,5.375,1.681758574,4.525,1.509617577,10,2014,True,court,0.0188881151656,0.0312783689064,0.0
Wisconsin,2003,31,704059,4.403040086,1.482295231,31905,10.37051802,5.7,1.740466175,5.375,1.681758574,10,2014,True,court,0.018767705373,0.0278192801712,0.0
Wisconsin,2004,29,701063,4.136575458,1.419868261,33350,10.41481305,5.025,1.614425454,5.7,1.740466175,10,2014,True,court,0.0186485004921,0.0264784139639,0.0
Wisconsin,2005,31,698609,4.437389155,1.490066175,34311,10.44322128,4.741666667,1.556388691,5.025,1.614425454,10,2014,True,court,0.0185242184464,0.0276023113252,0.0
Wisconsin,2006,17,697021,2.438950907,0.891567991,36268,10.49869109,4.741666667,1.556388691,4.741666667,1.556388691,10,2014,True,court,0.0184160069117,0.0164191222845,0.0
Wisconsin,2007,25,695693,3.593539104,1.27913754,37674,10.53672548,4.9,1.589235205,4.741666667,1.556388691,10,2014,True,court,0.0183222366849,0.0234366607604,0.0
Wisconsin,2008,18,695262,2.588952079,0.951253191,38980,10.57080397,4.908333333,1.590934441,4.9,1.589235205,10,2014,True,court,0.0182422647442,0.017353012549,0.0
Wisconsin,2009,29,693505,4.181656946,1.430707566,38320,10.55372723,8.575,2.148850993,4.908333333,1.590934441,10,2014,True,court,0.018176499536,0.0260052554095,0.0
Wisconsin,2010,30,691793,4.336557323,1.46708079,38815,10.56656205,8.666666667,2.159484249,8.575,2.148850993,10,2014,True,court,0.0181170197426,0.0265791316364,0.0
Wisconsin,2011,33,684366,4.821981221,1.573184885,40837,10.61734381,7.758333333,2.048767534,8.666666667,2.159484249,10,2014,True,court,0.0180224616746,0.0283526642969,0.0
Wisconsin,2012,29,679675,4.266745136,1.450851273,42463,10.65638839,7.041666667,1.951844885,7.758333333,2.048767534,10,2014,True,court,0.0179544712068,0.0260492674065,0.0
Wisconsin,2013,26,674043,3.857320675,1.349972817,42737,10.66282033,6.75,1.909542505,7.041666667,1.951844885,10,2014,True,court,0.0178610537355,0.0241119370259,0.0
Wisconsin,2014,33,669466,4.929301861,1.595197368,44186,10.69616328,5.5,1.704748092,6.75,1.909542505,10,2014,True,court,0.0177703645448,0.0283472387503,0.166666666667
Wyoming,1999,13,68464,18.98808133,2.943811484,27085,10.20673535,4.641666667,1.535073497,,,10,2014,True,court,0.00185395420508,0.00545769167972,0.0
Wyoming,2000,9,67357,13.36164022,2.592387931,28959,10.27363632,3.908333333,1.363111026,4.641666667,1.535073497,10,2014,True,court,0.00181406566246,0.0047027619294,0.0
Wyoming,2001,9,66065,13.6229471,2.611755657,30736,10.33318989,3.825,1.341558467,3.908333333,1.363111026,10,2014,True,court,0.00177339560847,0.00463167601252,0.0
Wyoming,2002,9,65585,13.72265,2.619047752,31442,10.35589986,4.041666667,1.396657148,3.825,1.341558467,10,2014,True,court,0.00175377970479,0.00459323279332,0.0
Wyoming,2003,9,65001,13.84594083,2.627992109,33400,10.41631118,4.275,1.452784102,4.041666667,1.396657148,10,2014,True,court,0.00173269515332,0.00455350919022,0.0
Wyoming,2004,9,64827,13.88310426,2.63067258,35692,10.48268185,3.808333333,1.337191648,4.275,1.452784102,10,2014,True,court,0.00172441897718,0.0045363817197,0.0
Wyoming,2005,9,64601,13.93167288,2.634164873,39164,10.57551324,3.583333333,1.276293466,3.808333333,1.337191648,10,2014,True,court,0.00171295107256,0.00451219554452,0.0
Wyoming,2006,9,65072,13.83083354,2.626900414,44186,10.69616328,3.175,1.155307632,3.583333333,1.276293466,10,2014,True,court,0.00171926871896,0.00451634770962,0.0
Wyoming,2007,9,66638,13.5058075,2.603119778,45505,10.72557749,2.816666667,1.035554153,3.175,1.155307632,10,2014,True,court,0.00175502298888,0.00456853505321,0.0
Wyoming,2008,9,68157,13.20480655,2.580580896,48934,10.79822773,3.05,1.115141591,2.816666667,1.035554153,10,2014,True,court,0.00178830144344,0.00461485654123,0.0
Wyoming,2009,9,69626,12.92620573,2.559256703,43153,10.67250722,6.325,1.844510035,3.05,1.115141591,10,2014,True,court,0.00182487070272,0.00467031257805,0.0
Wyoming,2010,9,69825,12.88936627,2.556402651,44846,10.71098968,6.458333333,1.865371287,6.325,1.844510035,10,2014,True,court,0.00182861188756,0.004674668277,0.0
Wyoming,2011,9,69407,12.9669918,2.562407036,49140,10.80242865,5.808333333,1.759293668,6.458333333,1.865371287,10,2014,True,court,0.00182780120206,0.00468357066056,0.0
Wyoming,2012,9,69612,12.92880538,2.559457797,52154,10.86195616,5.325,1.672412712,5.808333333,1.759293668,10,2014,True,court,0.00183888865951,0.00470655791739,0.0
Wyoming,2013,9,70670,12.73524834,2.544373609,51791,10.85497167,4.741666667,1.556388691,5.325,1.672412712,10,2014,True,court,0.00187264116308,0.00476469875447,0.0
Wyoming,2014,9,70570,12.7532946,2.545789638,54584,10.90749608,4.3,1.458615023,4.741666667,1.556388691,10,2014,True,court,0.00187321630363,0.00476881465552,0.166666666667
